Outcome measures (specific),Cluster general ,Mapping Cluster general,Mapping Agronomy cluster,Crop type studied,Cluster
germination rate (no pr time measurement),Metabolism,Morphometrics,Plant morphology & Crop development,Tomato,Horticulture
stem diameter,Morphometrics,Physiology,Plant physiology & Metabolism,Cowpea,Pulses
stem length,Morphometrics,Metabolism,Plant physiology & Metabolism,Rice,Cereal and Grains
plant height,Morphometrics,Disease incidence & severity,Agricultural phytopathology,passion fruit,Fruticulture
number of leaves,Morphometrics,Entomology,Agricultural entomology,Wheat,Cereal and Grains
germination rate (total % germinated),Metabolism,Pest incidence & severity,Agricultural entomology,pigeon pea,Pulses
area under the disease progress curve,Pest incidence & severity,Soil fertility,Soil Science,Maize/corn,Cereal and Grains
area under the curve of mycelial growth,Disease incidence & severity,,,Bean,Pulses
root volume,Morphometrics,,,Cabbage,Horticulture
root length,Morphometrics,,,Lettuce,Horticulture
root fresh mass,Morphometrics,,,Potato,Horticulture
root dry mass,Morphometrics,,,Mango,Fruticulture
fruit fresh mass,Morphometrics,,,Turnip,Horticulture
fruit dry mass,Morphometrics,,,Cucumber,Horticulture
dead plants %,Morphometrics,,,Strawberry,Fruticulture
emergence rate (no pr day),Metabolism,,,Chamba,Medicinal Plants
emergence rate (total %),Metabolism,,,Pea,Pulses
radicle fresh mass,Morphometrics,,,Radish,Horticulture
radicle dry mass,Morphometrics,,,Tiririca,Weeds
radicle length,Morphometrics,,,Glasswort,Medicinal Plants
Chlorophyll B,Physiology,,,Picao,Weeds
Chlorophyll A,Physiology,,,Mint,Medicinal/aromatic
leaf area,Morphometrics,,,Rosemary,Medicinal Plants
number of sclerotia,Disease incidence & severity,,,Lippia,Medicinal/aromatic
number of fruits,Morphometrics,,,Sunflower,Horticulture
number of floral blooms,Morphometrics,,,Okra,Horticulture
aerial parts fresh mass,Morphometrics,,,White aphelandra,Floriculture
aerial parts dry mass,Morphometrics,,,Onion,Horticulture
oil content mass %,Physiology,,,Eucalyptus,Silviculture
leaf dry mass,Morphometrics,,,Artemisia,Medicinal/aromatic
leaf fresh mass,Morphometrics,,,Carqueja,Medicinal Plants
number of branches,Morphometrics,,,Mulberry,Fruticulture
stem fresh mass,Morphometrics,,,Yerba mate,Medicinal/aromatic
stem dry mass,Morphometrics,,,N/A,
seedling dry mass,Morphometrics,,,Parsley,Medicinal/aromatic
seedling fresh mass,Morphometrics,,,Grapevine,Fruticulture
number of sprouts,Morphometrics,,,Sisal,Horticulture
number of pest pr area,Pest incidence & severity,,,Tobacco,Medicinal/aromatic
number of attaced plants,Pest incidence & severity,,,Pepper,Horticulture
degrees of phytotoxication,Physiology,,,Broccoli,Horticulture
mortality variance (%),Physiology,,,Nematode,
total dry mass,Morphometrics,,,Kale,Horticulture
total fresh mass,Morphometrics,,,Lavender,Floriculture
tuber dry mass,Morphometrics,,,Chili,Horticulture
tuber fresh mass,Morphometrics,,,Peach,Fruticulture
number of tubers produced,Morphometrics,,,Soybean,Pulses
number of new plants,Morphometrics,,,Ipe,Silviculture
water potential,Metabolism,,,St John's wort,Medicinal/aromatic
relative water content,Metabolism,,,,
total chlorophyll,Physiology,,,Chamomile,Medicinal/aromatic
number of tillers,Morphometrics,,,Malva,Medicinal/aromatic
yield mass,Morphometrics,,,Guamxuma,Weeds
number of flower buds,Morphometrics,,,Leaf-cutting ant,
flower buds dry mass,Morphometrics,,,Basil,Medicinal/aromatic
leaf length,Morphometrics,,,Picklegrass,Horticulture
root diameter,Morphometrics,,,Jambu,Medicinal/aromatic
germination speed index,Physiology,,,Lemon grass,Medicinal/aromatic
number of roots,Morphometrics,,,Folha da Fortuna,Medicinal Plants
quality of rooting,Physiology,,,Verbena,Medicinal Plants
rooted stakes/cutlings (%),Morphometrics,,,Moss Rose ,Floriculture
number of shoots,Morphometrics,,,Sage,Medicinal Plants
caterpillar ingestion,Entomology,,,Brown Betty ,Floriculture
caterpillar efficiency of ingested food conversion,Entomology,,,Madagascar periwinkle ,Floriculture
caterpillar efficiency of the digested food conversion,Entomology,,,Chlorella,Medicinal/aromatic
caterpillar weight beginning 4th instar,Entomology,,,Arrowleaf sida,Weeds
caterpillar weight end 4th instar,Entomology,,,,
caterpillar length,Entomology,,,feverfew,Medicinal Plants
caterpillar adult emergence,Entomology,,,Mung bean,Pulses
caterpillar hatched eggs,Entomology,,,Mash bean,Pulses
caterpillar cycle duration,Entomology,,,Cauliflower,Horticulture
time until flowering,Physiology,,,Scallion,Horticulture
width of plant,Morphometrics,,,Oats,Cereal and Grains
damage scores of thrips,Pest incidence & severity,,,Canafistula ,Medicinal Plants
injured leaf area (%),Pest incidence & severity,,,Lulo,Fruticulture
commercial sellable yield (%),Morphometrics,,,Fig,Fruticulture
yield mass average,Morphometrics,,,Naranjilla,Fruticulture
yield mass after storage loss (%),Morphometrics,,,Apple,Fruticulture
Fe content,Physiology,,,,
Zn content,Physiology,,,,
Cu content,Physiology,,,,
N content,Physiology,,,,
P content,Physiology,,,,
K content,Physiology,,,,
Ca content,Physiology,,,,
S content,Physiology,,,,
parthenolide content,Physiology,,,,
quercetin content,Physiology,,,,
total flavonoid content (%),Physiology,,,,
fruit/harvest infected (%),Pest incidence & severity,,,,
rot on fruit/harvest (%),Pest incidence & severity,,,,
number of root galls pr plant,Pest incidence & severity,,,,
number of nematodes in roots,Pest incidence & severity,,,,
number of nematodes in surrounding soil,Pest incidence & severity,,,,
protein content of leaf,Physiology,,,,
protein content of root,Physiology,,,,
pruned branches fresh mass,Morphometrics,,,,
ants actively foraging (%),Entomology,,,,
ants movement reduction (%),Entomology,,,,
not significant,,,,,
no significance calculated in the stats.,,,,,
number of spikes per plant,Morphometrics,,,,
number of spikelets per spike,Morphometrics,,,,
number of grains per spike,Morphometrics,,,,
diameter of colony (microbiological),Disease incidence & severity,,,,
root fresh mass pr cm,Morphometrics,,,,
radicle fresh mass pr cm,Morphometrics,,,,
root dry mass pr cm,Morphometrics,,,,
radicle dry mass pr cm,Morphometrics,,,,
hydrolysis (dry mass seed - dry mass seed rest),Physiology,,,,
biosynthesis (dry mass root + dry mass shoot),Physiology,,,,
reduced glutathione/oxidised glutathione ratio,Physiology,,,,
redox capacity of glutathione couple,Physiology,,,,
microbiological growth inhibition (%),Disease incidence & severity,,,,
microbiological sporulation,Disease incidence & severity,,,,
microbiological germination (%),Disease incidence & severity,,,,
microbiological viable spores,Disease incidence & severity,,,,
disease severity index (%),Disease incidence & severity,,,,
root colonization (microbiological),Disease incidence & severity,,,,
total pigment concentration,Metabolism,,,,
flower fresh mass,Morphometrics,,,,
number of nodules,Pest incidence & severity,,,,
N/A; no statistical test,,,,,
NDVI,Physiology,,,,
soil analysis (not further specified),Soil fertility,,,,
grain yield,Morphometrics,,,,
number of pods per plant,Morphometrics,,,,
thousand grain weight,Morphometrics,,,,
number of pods with anthrocnose,Disease incidence & severity,,,,
shoot fresh mass,Morphometrics,,,,
shoot dry mass,Morphometrics,,,,
inflorescence fresh mass,Morphometrics,,,,
inflorescence dry mass,Morphometrics,,,,
photosynthesis rate,Physiology,,,,
relative growth rate,Morphometrics,,,,
egg masses,Pest incidence & severity,,,,
larvae alive,Pest incidence & severity,,,,
peroxidase,Metabolism,,,,
polyphenoloxidase,Metabolism,,,,
phenylalanine ammonia-lyase,Metabolism,,,,
number of fruit/harvest infected,Pest incidence & severity,,,,
number of fruit/harvest healthy,Morphometrics,,,,
number of concentric rings from fungus,Disease incidence & severity,,,,
number of winged aphids,Pest incidence & severity,,,,
number of nymphs per colony,Pest incidence & severity,,,,
shoot ratio,Morphometrics,,,,
root ratio,Morphometrics,,,,
fruit ratio,Morphometrics,,,,
number of leaf lesions,Disease incidence & severity,,,,
number of spores,Disease incidence & severity,,,,
"germination time, average",Physiology,,,,
leaf disc turgid weight,Physiology,,,,
leaf disc fresh weight,Physiology,,,,
leaf disc dry weight,Physiology,,,,
caterpillar wing length,Entomology,,,,
caterpillar fecundity of the females (% of viable eggs),Pest incidence & severity,,,,
fruit diameter,Morphometrics,,,,
leafs infected (%),Pest incidence & severity,,,,
NH4 content in soil leachate,Soil fertility,,,,
NO3 content in soil leachate,Soil fertility,,,,
mineral N content in soil leachate,Soil fertility,,,,
leachate volume (soil),Soil fertility,,,,
NH4 content in soil,Soil fertility,,,,
NO3 content in soil,Soil fertility,,,,
Al content (aluminium) in soil,Soil fertility,,,,
Ca content in soil,Soil fertility,,,,
organic C content in soil,Soil fertility,,,,
Mn content in soil,Soil fertility,,,,
Cu content in soil,Soil fertility,,,,
N content in aerial parts,Physiology,,,,
P content in aerial parts,Physiology,,,,
K content in aerial parts,Physiology,,,,
Ca content in aerial parts,Physiology,,,,
Mg content in aerial parts,Physiology,,,,
S content in aerial parts,Physiology,,,,
B content in aerial parts,Physiology,,,,
Cu content in aerial parts,Physiology,,,,
Mn content in aerial parts,Physiology,,,,
Zn content in aerial parts,Physiology,,,,
seedlings with cotyledons,Morphometrics,,,,
Dickson Quality Index,Physiology,,,,
total shoot length,Morphometrics,,,,
shoot/root ratio,Morphometrics,,,,
mite infestation severity (%),Pest incidence & severity,,,,
mite incidence (% of leaves),Pest incidence & severity,,,,
total soluble sugar (Brix),Physiology,,,,
total insoluble sugar,Physiology,,,,
no. of dark glands in leaf,Morphometrics,,,,
hypericin in leaf,Metabolism,,,,
vegetative growth (hight over time),Morphometrics,,,,
vegetative growth (days to estimated 50% height),Morphometrics,,,,
"fruit colour (epidermis) - [lightness (L*), chroma (C*) and hue angle (hº)]",Physiology,,,,
fruit texture (pulp firmness) - strentgh to pulp penetration and rupture of the skin,Physiology,,,,
Total number of winged aphids per plant,Pest incidence & severity,,,,
Total number of nymphs,Pest incidence & severity,,,,
weight (g) of caterpillars at the beginning and end of the 4th instar,Entomology,,,,
dry weight (g) of pupa (incorporated biomass),Entomology,,,,
length (cm) of caterpillar in the 4th instar,Entomology,,,,
duration of the egg-adult cycle (days),Entomology,,,,
percentage of adult emergence (%),Entomology,,,,
wing length (cm),Entomology,,,,
female fecundity (% of viable eggs),Entomology,,,,
nutritional value of treated plants,Physiology,,,,
infestation level (egg mass rate) ,Pest incidence & severity,,,,
,,,,,
numbers of eggs and J2 at 100 cm³ of soil,Pest incidence & severity,,,,
number of eggs and J2 presents at the roots,Pest incidence & severity,,,,
number of galls at the roots,Pest incidence & severity,,,,
hatched J2 M. incognita,Pest incidence & severity,,,,
Chemical composition,Physiology,,,,
Principal Componeny Analysis,Physiology,,,,
Adult populations (Insects - Fruit Fly),Entomology,,,,
Fruit infestation (Insects - Imature population - Fruit Fly),Entomology,,,,
Nutrient uptake efficiency,Physiology,,,,
Nutrient translocation efficiency,Physiology,,,,
Nutrient utilization efficiency,Physiology,,,,
"Anatomical Analysis (plant cell).
",Morphometrics,,,,
Format index C/D,Morphometrics,,,,
Nest size (colonies),Pest incidence & severity,,,,
Disease incidence,Pest incidence & severity,,,,
Alpha NH2,Metabolism,,,,
Soluble sugar (carbohydrate),Physiology,,,,
Eletrical conductivity of tissue lachate,Physiology,,,,
Total protein,Metabolism,,,,
Membrane Injury index,Physiology,,,,
Catalase,Metabolism,,,,
,,,,,
TBARS,Metabolism,,,,
H202,Metabolism,,,,
Root-Knot Disease,Pest incidence & severity,,,,
Foliar Diseases,Disease incidence & severity,,,,
Mortality Test,Entomology,,,,
Analysis of Residue,Metabolism,,,,
Effects on Silk Production and Rearing Practices,Entomology,,,,
Enzyme activity,Metabolism,,,,
Guaiacol peroxidase,Metabolism,,,,
Phytoalexin phaseolin,Metabolism,,,,
pH ( leaf aquose extract),Metabolism,,,,
Bioeletrography,Physiology,,,,
Gibberellic acid (GA3 & GA4) - Hormons,Physiology,,,,
Indole Acetic Acid (IAA) - Enzyme,Physiology,,,,
Abscisic acid (ABA) - Hormone,Physiology,,,,
Salicylic acid (SA) - Hormone,Physiology,,,,
Germination inhibition  (microorganisms - %),Disease incidence & severity,,,,
Protein production (gliceolina) - Fitoalexina,Metabolism,,,,
Total soluble solids,Metabolism,,,,
Total titratable acidity,Metabolism,,,,
Vitamin C - (fruit),Metabolism,,,,
Flavonoids,Physiology,,,,
Total phenolic content,Physiology,,,,
Flower diameter,Morphometrics,,,,
Flower hight,Morphometrics,,,,
Chlorophyll-a fluorescence,Physiology,,,,
Proline content (leaf),Metabolism,,,,
Stomatal conductance,Physiology,,,,
leaf/total ratio (weight),Morphometrics,,,,
Efficiency (yield/total weight),Morphometrics,,,,
Mitoic Index,Metabolism,,,,
Disease incidence - Brusone.,Disease incidence & severity,,,,
Tuber diameter,Morphometrics,,,,
Tuber length,Morphometrics,,,,
number of mature plants,Morphometrics,,,,
Leaf dry wight,Morphometrics,,,,
Stem dry weight,Morphometrics,,,,
branch length,Morphometrics,,,,
downy mildew,Disease incidence & severity,,,,
bacterial rot,Disease incidence & severity,,,,
ascorbate peroxidase activity,Metabolism,,,,
pH,Physiology,,,,
Mn content,Physiology,,,,
Mg content,Physiology,,,,
B content,Physiology,,,,
absorption efficiency,Physiology,,,,
translocation efficiency,Physiology,,,,
utilisation efficiency,Physiology,,,,
petiole fresh mass,Morphometrics,,,,
petiole dry mass,Morphometrics,,,,
relative leaf water content,Metabolism,,,,
relative stem water content,Metabolism,,,,
relative petiole water content,Metabolism,,,,
relative root water content,Metabolism,,,,
relative plant water content,Metabolism,,,,
specific leaf area,Morphometrics,,,,
leaf area ratio,Morphometrics,,,,
total leaf area,Morphometrics,,,,
Latent period,Disease incidence & severity,,,,
Lesion size,Disease incidence & severity,,,,
Spors production,Disease incidence & severity,,,,
central vein thickness,Morphometrics,,,,
mesophyll thickness,Physiology,,,,
palisade parenchyma thickness,Physiology,,,,
lacunose parenchyma thickness,Physiology,,,,
palisade parenchyma percentage,Physiology,,,,
lacunose parenchyma percentage,Physiology,,,,
commercial sellable yield fresh mass,Morphometrics,,,,
yield pr area,Morphometrics,,,,
Ca/Mg ratio,Metabolism,,,,
Ca/k ratio,Metabolism,,,,
Ca/cations ratio,Metabolism,,,,
transpiration rate,Physiology,,,,
CO2 concentration,Metabolism,,,,
Number of eggs,Pest incidence & severity,,,,
numer of mines,Pest incidence & severity,,,,
weight of pupae,Entomology,,,,
larval mortality,Entomology,,,,
adult hatching,Entomology,,,,
number of thrips nymphs,Pest incidence & severity,,,,
area under the curve of incidence,Pest incidence & severity,,,,
area under the curve of severity,Pest incidence & severity,,,,
electical conductivity,Metabolism,,,,
seed soaking,Metabolism,,,,
deteriorted seed,Physiology,,,,
Pod weight,Morphometrics,,,,
Flower weight,Morphometrics,,,,
Number of seeds,Morphometrics,,,,
force to rupture epidermis,Physiology,,,,
force to rupture pulp,Physiology,,,,
Membrane Stability Index,Physiology,,,,
Pest incidence (%),Pest incidence & severity,,,,
Seed electrical conductivity,Physiology,,,,
number of larvae,Pest incidence & severity,,,,
leaf yield,Morphometrics,,,,
Stomatal resistance,Physiology,,,,
water use efficiency,Physiology,,,,
CO2 assimilation,Physiology,,,,
Cd content,Physiology,,,,
Pb content,Physiology,,,,
Cd content soil,Soil fertility,,,,
productivity (unspecified unit),Morphometrics,,,,
fresh mass pr area,Morphometrics,,,,
total carbohydrate content,Metabolism,,,,
Mycelial growth,Disease incidence & severity,,,,
Mycelail growth rate index,Disease incidence & severity,,,,
relative percentage of mycelial development,Disease incidence & severity,,,,
spor germination,Disease incidence & severity,,,,
total number of conidia,Disease incidence & severity,,,,
viability of conidia,Disease incidence & severity,,,,
colony-forming units,Disease incidence & severity,,,,
Absolute growth rate,Disease incidence & severity,,,,
Number of remaining leafs,Morphometrics,,,,
Gas exchanges - Evapotranspiration,Physiology,,,,
Gas exchanges - Internal carbon concentration,Physiology,,,,
Gas exchanges - Stomatal condutance,Physiology,,,,
Gas exchanges - Instantaneous carboxilation efficiency,Physiology,,,,
Rate of number of leaves day-1,Morphometrics,,,,
Absolute stem growth rate,Metabolism,,,,
CO2 assimilation rate,Metabolism,,,,
internal concentration of CO2 in the leaf,Metabolism,,,,
Germination energy,Metabolism,,,,
seedling vigour index,Physiology,,,,
carotenoids,Physiology,,,,
chitinnase activity,Metabolism,,,,
whole grain %,Morphometrics,,,,
shoot diameter,Morphometrics,,,,
relative chlorophyl (chlorophyl meter),Metabolism,,,,
fruit yield per plant per harvest,Morphometrics,,,,
total fruit production per plant during season,Morphometrics,,,,
fruit number per plant per harvest,Morphometrics,,,,
total fruit number per plant during season,Morphometrics,,,,
fresh mass per plant,Morphometrics,,,,
dry mass per plant,Morphometrics,,,,
number of viable leaves per plant,Morphometrics,,,,
number of dead leaves per plant,Morphometrics,,,,
number of stolon per plant,Morphometrics,,,,
number of viable flowers per plant,Morphometrics,,,,
number of dead flowers per plant,Morphometrics,,,,
SPAD,Physiology,,,,
crown diameter,Morphometrics,,,,
root projected area,Morphometrics,,,,
root surface,Morphometrics,,,,
foliar disease severity,Disease incidence & severity,,,,
foliar pest incidence,Disease incidence & severity,,,,
N-acetyl-β-D-glucosaminidases,Metabolism,,,,
chitobiose,Metabolism,,,,
Glucanase,Metabolism,,,,
Pest severity (%),Pest incidence & severity,,,,
number of flowers per cluster,Morphometrics,,,,
number of fruits per cluster,Morphometrics,,,,
number of viable tubers,Morphometrics,,,,
pod length,Morphometrics,,,,
number of empty pods per plant,Morphometrics,,,,
seed yield pr plant,Morphometrics,,,,
biomass/fruit ratio,Physiology,,,,